id,facility_name,candidate_name,score,candidate_carf,candidate_therapy_hours
kessler-institute-for-rehabilitation|west-orange|nj|07052|inpatient-rehabilitation-hospital|kessler|kessler-institute,Kessler Institute for Rehabilitation|West Orange|NJ|07052|Inpatient Rehabilitation Hospital|kessler|kessler institute,Kessler Institute for Rehabilitation,0.471,True,3.0
kessler-institute-for-rehabilitation|west-orange|nj|07052|inpatient-rehabilitation-hospital|kessler|kessler-institute,Kessler Institute for Rehabilitation|West Orange|NJ|07052|Inpatient Rehabilitation Hospital|kessler|kessler institute,MedStar National Rehabilitation Network,0.359,True,3.0
mossrehab|elkins-park|pa|19027|inpatient-rehabilitation-hospital|mossrehab|moss,MossRehab|Elkins Park|PA|19027|Inpatient Rehabilitation Hospital|mossrehab|moss,MedStar National Rehabilitation Network,0.424,True,3.0
mossrehab|elkins-park|pa|19027|inpatient-rehabilitation-hospital|mossrehab|moss,MossRehab|Elkins Park|PA|19027|Inpatient Rehabilitation Hospital|mossrehab|moss,Kessler Institute for Rehabilitation,0.417,True,3.0
nyu-langone-rusk-rehabilitation|new-york|ny|10016|inpatient-rehabilitation-hospital|rusk|nyu-rusk,NYU Langone Rusk Rehabilitation|New York|NY|10016|Inpatient Rehabilitation Hospital|rusk|nyu rusk,MedStar National Rehabilitation Network,0.397,True,3.0
nyu-langone-rusk-rehabilitation|new-york|ny|10016|inpatient-rehabilitation-hospital|rusk|nyu-rusk,NYU Langone Rusk Rehabilitation|New York|NY|10016|Inpatient Rehabilitation Hospital|rusk|nyu rusk,Kessler Institute for Rehabilitation,0.391,True,3.0
burke-rehabilitation-hospital|white-plains|ny|10605|inpatient-rehabilitation-hospital|burke|burke-rehab,Burke Rehabilitation Hospital|White Plains|NY|10605|Inpatient Rehabilitation Hospital|burke|burke rehab,MedStar National Rehabilitation Network,0.408,True,3.0
burke-rehabilitation-hospital|white-plains|ny|10605|inpatient-rehabilitation-hospital|burke|burke-rehab,Burke Rehabilitation Hospital|White Plains|NY|10605|Inpatient Rehabilitation Hospital|burke|burke rehab,Kessler Institute for Rehabilitation,0.403,True,3.0
spaulding-rehabilitation-hospital|boston|ma|02114|inpatient-rehabilitation-hospital|spaulding|spaulding-rehab,Spaulding Rehabilitation Hospital|Boston|MA|02114|Inpatient Rehabilitation Hospital|spaulding|spaulding rehab,MedStar National Rehabilitation Network,0.378,True,3.0
spaulding-rehabilitation-hospital|boston|ma|02114|inpatient-rehabilitation-hospital|spaulding|spaulding-rehab,Spaulding Rehabilitation Hospital|Boston|MA|02114|Inpatient Rehabilitation Hospital|spaulding|spaulding rehab,Kessler Institute for Rehabilitation,0.372,True,3.0
jfk-johnson-rehabilitation-institute|edison|nj|08818|inpatient-rehabilitation-hospital|jfk|jfk-johnson,JFK Johnson Rehabilitation Institute|Edison|NJ|08818|Inpatient Rehabilitation Hospital|jfk|jfk johnson,Kessler Institute for Rehabilitation,0.435,True,3.0
jfk-johnson-rehabilitation-institute|edison|nj|08818|inpatient-rehabilitation-hospital|jfk|jfk-johnson,JFK Johnson Rehabilitation Institute|Edison|NJ|08818|Inpatient Rehabilitation Hospital|jfk|jfk johnson,MedStar National Rehabilitation Network,0.397,True,3.0
gaylord-hospital|wallingford|ct|06492|ltach-and-inpatient-rehabilitation|gaylord,Gaylord Hospital|Wallingford|CT|06492|LTACH & Inpatient Rehabilitation|gaylord,MedStar National Rehabilitation Network,0.427,True,3.0
gaylord-hospital|wallingford|ct|06492|ltach-and-inpatient-rehabilitation|gaylord,Gaylord Hospital|Wallingford|CT|06492|LTACH & Inpatient Rehabilitation|gaylord,Kessler Institute for Rehabilitation,0.386,True,3.0
gaylord-hospital|wallingford|ct|06492|ltach-and-inpatient-rehabilitation|gaylord,Gaylord Hospital|Wallingford|CT|06492|LTACH & Inpatient Rehabilitation|gaylord,Gaylord Specialty Healthcare,0.377,True,3.0
bryn-mawr-rehab-hospital|malvern|pa|19355|inpatient-rehabilitation-hospital|bryn-mawr,Bryn Mawr Rehab Hospital|Malvern|PA|19355|Inpatient Rehabilitation Hospital|bryn mawr,Kessler Institute for Rehabilitation,0.446,True,3.0
bryn-mawr-rehab-hospital|malvern|pa|19355|inpatient-rehabilitation-hospital|bryn-mawr,Bryn Mawr Rehab Hospital|Malvern|PA|19355|Inpatient Rehabilitation Hospital|bryn mawr,MedStar National Rehabilitation Network,0.435,True,3.0
helen-hayes-hospital|west-haverstraw|ny|10993|inpatient-rehabilitation-hospital|helen-hayes,Helen Hayes Hospital|West Haverstraw|NY|10993|Inpatient Rehabilitation Hospital|helen hayes,MedStar National Rehabilitation Network,0.446,True,3.0
helen-hayes-hospital|west-haverstraw|ny|10993|inpatient-rehabilitation-hospital|helen-hayes,Helen Hayes Hospital|West Haverstraw|NY|10993|Inpatient Rehabilitation Hospital|helen hayes,Kessler Institute for Rehabilitation,0.441,True,3.0
select-specialty-hospital---saddle-brook|saddle-brook|nj|07663|ltach|select-specialty,Select Specialty Hospital - Saddle Brook|Saddle Brook|NJ|07663|LTACH|select specialty,Gaylord Specialty Healthcare,0.336,True,3.0
shepherd-center|atlanta|ga|30309|inpatient-rehabilitation-hospital|shepherd,Shepherd Center|Atlanta|GA|30309|Inpatient Rehabilitation Hospital|shepherd,Kessler Institute for Rehabilitation,0.486,True,3.0
shepherd-center|atlanta|ga|30309|inpatient-rehabilitation-hospital|shepherd,Shepherd Center|Atlanta|GA|30309|Inpatient Rehabilitation Hospital|shepherd,MedStar National Rehabilitation Network,0.456,True,3.0
shepherd-center|atlanta|ga|30309|inpatient-rehabilitation-hospital|shepherd,Shepherd Center|Atlanta|GA|30309|Inpatient Rehabilitation Hospital|shepherd,Shepherd Center,0.333,True,3.0
craig-hospital|englewood|co|80113|inpatient-rehabilitation-hospital|craig,Craig Hospital|Englewood|CO|80113|Inpatient Rehabilitation Hospital|craig,MedStar National Rehabilitation Network,0.446,True,3.0
craig-hospital|englewood|co|80113|inpatient-rehabilitation-hospital|craig,Craig Hospital|Englewood|CO|80113|Inpatient Rehabilitation Hospital|craig,Kessler Institute for Rehabilitation,0.44,True,3.0
craig-hospital|englewood|co|80113|inpatient-rehabilitation-hospital|craig,Craig Hospital|Englewood|CO|80113|Inpatient Rehabilitation Hospital|craig,Craig Hospital,0.322,True,3.0
tirr-memorial-hermann|houston|tx|77030|inpatient-rehabilitation-hospital|tirr,TIRR Memorial Hermann|Houston|TX|77030|Inpatient Rehabilitation Hospital|tirr,MedStar National Rehabilitation Network,0.466,True,3.0
tirr-memorial-hermann|houston|tx|77030|inpatient-rehabilitation-hospital|tirr,TIRR Memorial Hermann|Houston|TX|77030|Inpatient Rehabilitation Hospital|tirr,Kessler Institute for Rehabilitation,0.46,True,3.0
tirr-memorial-hermann|houston|tx|77030|inpatient-rehabilitation-hospital|tirr,TIRR Memorial Hermann|Houston|TX|77030|Inpatient Rehabilitation Hospital|tirr,TIRR Memorial Hermann,0.429,True,3.0
shirley-ryan-abilitylab|chicago|il|60611|inpatient-rehabilitation-hospital|shirley-ryan|abilitylab,Shirley Ryan AbilityLab|Chicago|IL|60611|Inpatient Rehabilitation Hospital|shirley ryan|abilitylab,Kessler Institute for Rehabilitation,0.403,True,3.0
shirley-ryan-abilitylab|chicago|il|60611|inpatient-rehabilitation-hospital|shirley-ryan|abilitylab,Shirley Ryan AbilityLab|Chicago|IL|60611|Inpatient Rehabilitation Hospital|shirley ryan|abilitylab,Shirley Ryan AbilityLab,0.38,True,3.0
shirley-ryan-abilitylab|chicago|il|60611|inpatient-rehabilitation-hospital|shirley-ryan|abilitylab,Shirley Ryan AbilityLab|Chicago|IL|60611|Inpatient Rehabilitation Hospital|shirley ryan|abilitylab,MedStar National Rehabilitation Network,0.365,True,3.0
ohio-state-dodd-rehabilitation-hospital|columbus|oh|43210|inpatient-rehabilitation-hospital|dodd,Ohio State Dodd Rehabilitation Hospital|Columbus|OH|43210|Inpatient Rehabilitation Hospital|dodd,MedStar National Rehabilitation Network,0.415,True,3.0
ohio-state-dodd-rehabilitation-hospital|columbus|oh|43210|inpatient-rehabilitation-hospital|dodd,Ohio State Dodd Rehabilitation Hospital|Columbus|OH|43210|Inpatient Rehabilitation Hospital|dodd,Kessler Institute for Rehabilitation,0.394,True,3.0
mayo-clinic-rochester|rochester|mn|55905|inpatient-rehabilitation-hospital|mayo,Mayo Clinic Rochester|Rochester|MN|55905|Inpatient Rehabilitation Hospital|mayo,Kessler Institute for Rehabilitation,0.4,True,3.0
mayo-clinic-rochester|rochester|mn|55905|inpatient-rehabilitation-hospital|mayo,Mayo Clinic Rochester|Rochester|MN|55905|Inpatient Rehabilitation Hospital|mayo,MedStar National Rehabilitation Network,0.356,True,3.0
medstar-washington-hospital-center|washington|dc|20010|acute-care-hospital|medstar|medstar-whc,MedStar Washington Hospital Center|Washington|DC|20010|Acute Care Hospital|medstar|medstar whc,Kessler Institute for Rehabilitation,0.323,True,3.0
medstar-washington-hospital-center|washington|dc|20010|acute-care-hospital|medstar|medstar-whc,MedStar Washington Hospital Center|Washington|DC|20010|Acute Care Hospital|medstar|medstar whc,MedStar National Rehabilitation Network,0.301,True,3.0
george-washington-university-hospital|washington|dc|20037|academic-medical-center|gwuh|gw,George Washington University Hospital|Washington|DC|20037|Academic Medical Center|gwuh|gw,MedStar National Rehabilitation Network,0.312,True,3.0
george-washington-university-hospital|washington|dc|20037|academic-medical-center|gwuh|gw,George Washington University Hospital|Washington|DC|20037|Academic Medical Center|gwuh|gw,Gaylord Specialty Healthcare,0.308,True,3.0
childrens-national-medical-center|washington|dc|20010|pediatric-specialty-hospital|childrens-national|cnmc,Children's National Medical Center|Washington|DC|20010|Pediatric Specialty Hospital|childrens national|cnmc,MedStar National Rehabilitation Network,0.329,True,3.0
childrens-national-medical-center|washington|dc|20010|pediatric-specialty-hospital|childrens-national|cnmc,Children's National Medical Center|Washington|DC|20010|Pediatric Specialty Hospital|childrens national|cnmc,Kessler Institute for Rehabilitation,0.322,True,3.0
childrens-national-medical-center|washington|dc|20010|pediatric-specialty-hospital|childrens-national|cnmc,Children's National Medical Center|Washington|DC|20010|Pediatric Specialty Hospital|childrens national|cnmc,Gaylord Specialty Healthcare,0.311,True,3.0
sibley-memorial-hospital|washington|dc|20016|community-hospital|sibley,Sibley Memorial Hospital|Washington|DC|20016|Community Hospital|sibley,Shirley Ryan AbilityLab,0.323,True,3.0
sibley-memorial-hospital|washington|dc|20016|community-hospital|sibley,Sibley Memorial Hospital|Washington|DC|20016|Community Hospital|sibley,TIRR Memorial Hermann,0.308,True,3.0
sibley-memorial-hospital|washington|dc|20016|community-hospital|sibley,Sibley Memorial Hospital|Washington|DC|20016|Community Hospital|sibley,Kessler Institute for Rehabilitation,0.302,True,3.0
holy-cross-hospital|silver-spring|md|20910|community-hospital|holy-cross,Holy Cross Hospital|Silver Spring|MD|20910|Community Hospital|holy cross,Craig Hospital,0.302,True,3.0
inova-fairfax-medical-center|falls-church|va|22042|academic-medical-center|inova-fairfax|inova,Inova Fairfax Medical Center|Falls Church|VA|22042|Academic Medical Center|inova fairfax|inova,MedStar National Rehabilitation Network,0.301,True,3.0
virginia-hospital-center|arlington|va|22207|community-hospital|virginia-hospital,Virginia Hospital Center|Arlington|VA|22207|Community Hospital|virginia hospital,Kessler Institute for Rehabilitation,0.31,True,3.0
johns-hopkins-hospital|baltimore|md|21287|academic-medical-center|johns-hopkins,Johns Hopkins Hospital|Baltimore|MD|21287|Academic Medical Center|johns hopkins,MedStar National Rehabilitation Network,0.305,True,3.0
kessler-institute-for-rehabilitation---nj|west-orange|nj|07052|inpatient-rehabilitation-hospital|kessler-nj,Kessler Institute for Rehabilitation - NJ|West Orange|NJ|07052|Inpatient Rehabilitation Hospital|kessler nj,Kessler Institute for Rehabilitation,0.503,True,3.0
kessler-institute-for-rehabilitation---nj|west-orange|nj|07052|inpatient-rehabilitation-hospital|kessler-nj,Kessler Institute for Rehabilitation - NJ|West Orange|NJ|07052|Inpatient Rehabilitation Hospital|kessler nj,MedStar National Rehabilitation Network,0.384,True,3.0
rusk-rehabilitation|new-york|ny|10016|inpatient-rehabilitation-hospital|rusk-nyu,Rusk Rehabilitation|New York|NY|10016|Inpatient Rehabilitation Hospital|rusk nyu,Kessler Institute for Rehabilitation,0.431,True,3.0
rusk-rehabilitation|new-york|ny|10016|inpatient-rehabilitation-hospital|rusk-nyu,Rusk Rehabilitation|New York|NY|10016|Inpatient Rehabilitation Hospital|rusk nyu,MedStar National Rehabilitation Network,0.403,True,3.0
mount-sinai-health-system|new-york|ny|10029|academic-medical-center|mount-sinai,Mount Sinai Health System|New York|NY|10029|Academic Medical Center|mount sinai,MedStar National Rehabilitation Network,0.373,True,3.0
montefiore-medical-center|new-york|ny|10467|academic-medical-center|montefiore,Montefiore Medical Center|New York|NY|10467|Academic Medical Center|montefiore,Kessler Institute for Rehabilitation,0.333,True,3.0
montefiore-medical-center|new-york|ny|10467|academic-medical-center|montefiore,Montefiore Medical Center|New York|NY|10467|Academic Medical Center|montefiore,MedStar National Rehabilitation Network,0.325,True,3.0
nyu-langone-health|new-york|ny|10016|academic-medical-center|nyu,NYU Langone Health|New York|NY|10016|Academic Medical Center|nyu,MedStar National Rehabilitation Network,0.33,True,3.0
nyu-langone-health|new-york|ny|10016|academic-medical-center|nyu,NYU Langone Health|New York|NY|10016|Academic Medical Center|nyu,Gaylord Specialty Healthcare,0.326,True,3.0
nyu-langone-health|new-york|ny|10016|academic-medical-center|nyu,NYU Langone Health|New York|NY|10016|Academic Medical Center|nyu,Shepherd Center,0.304,True,3.0
nyu-langone-health|new-york|ny|10016|academic-medical-center|nyu,NYU Langone Health|New York|NY|10016|Academic Medical Center|nyu,Kessler Institute for Rehabilitation,0.3,True,3.0
penn-medicine-rri|philadelphia|pa|19104|inpatient-rehabilitation-hospital|penn-medicine,Penn Medicine RRI|Philadelphia|PA|19104|Inpatient Rehabilitation Hospital|penn medicine,MedStar National Rehabilitation Network,0.397,True,3.0
penn-medicine-rri|philadelphia|pa|19104|inpatient-rehabilitation-hospital|penn-medicine,Penn Medicine RRI|Philadelphia|PA|19104|Inpatient Rehabilitation Hospital|penn medicine,Kessler Institute for Rehabilitation,0.39,True,3.0
drexel-rehabilitation|philadelphia|pa|19102|inpatient-rehabilitation-hospital|drexel-rehab,Drexel Rehabilitation|Philadelphia|PA|19102|Inpatient Rehabilitation Hospital|drexel rehab,MedStar National Rehabilitation Network,0.388,True,3.0
drexel-rehabilitation|philadelphia|pa|19102|inpatient-rehabilitation-hospital|drexel-rehab,Drexel Rehabilitation|Philadelphia|PA|19102|Inpatient Rehabilitation Hospital|drexel rehab,Kessler Institute for Rehabilitation,0.381,True,3.0
upmc-rehabilitation|allegheny|pa|15213|inpatient-rehabilitation-hospital|upmc,UPMC Rehabilitation|Allegheny|PA|15213|Inpatient Rehabilitation Hospital|upmc,Kessler Institute for Rehabilitation,0.407,True,3.0
upmc-rehabilitation|allegheny|pa|15213|inpatient-rehabilitation-hospital|upmc,UPMC Rehabilitation|Allegheny|PA|15213|Inpatient Rehabilitation Hospital|upmc,MedStar National Rehabilitation Network,0.397,True,3.0
lehigh-valley-reilly-childrens-hospital|allentown|pa|18103|pediatric-specialty-hospital|lehigh-valley,Lehigh Valley Reilly Children's Hospital|Allentown|PA|18103|Pediatric Specialty Hospital|lehigh valley,Gaylord Specialty Healthcare,0.308,True,3.0
st-josephs-healthcare|paterson|nj|07501|community-hospital|st-joseph,St. Joseph's Healthcare|Paterson|NJ|07501|Community Hospital|st joseph,Gaylord Specialty Healthcare,0.327,True,3.0
rwj-university-hospital|new-brunswick|nj|08901|academic-medical-center|robert-wood-johnson,RWJ University Hospital|New Brunswick|NJ|08901|Academic Medical Center|robert wood johnson,Kessler Institute for Rehabilitation,0.302,True,3.0
st-marys-rehabilitation-hospital|brooklyn|ny|11201|inpatient-rehabilitation-hospital|st-marys-rehab,St. Mary's Rehabilitation Hospital|Brooklyn|NY|11201|Inpatient Rehabilitation Hospital|st marys rehab,MedStar National Rehabilitation Network,0.414,True,3.0
st-marys-rehabilitation-hospital|brooklyn|ny|11201|inpatient-rehabilitation-hospital|st-marys-rehab,St. Mary's Rehabilitation Hospital|Brooklyn|NY|11201|Inpatient Rehabilitation Hospital|st marys rehab,Kessler Institute for Rehabilitation,0.394,True,3.0
spaulding-rehabilitation-boston|boston|ma|02114|inpatient-rehabilitation-hospital|spaulding-boston,Spaulding Rehabilitation Boston|Boston|MA|02114|Inpatient Rehabilitation Hospital|spaulding boston,Kessler Institute for Rehabilitation,0.403,True,3.0
spaulding-rehabilitation-boston|boston|ma|02114|inpatient-rehabilitation-hospital|spaulding-boston,Spaulding Rehabilitation Boston|Boston|MA|02114|Inpatient Rehabilitation Hospital|spaulding boston,MedStar National Rehabilitation Network,0.38,True,3.0
gaylord-specialty-healthcare|gaylord|ct|06437|ltach-and-inpatient-rehabilitation|gaylord-ct,Gaylord Specialty Healthcare|Gaylord|CT|06437|LTACH & Inpatient Rehabilitation|gaylord ct,Gaylord Specialty Healthcare,0.479,True,3.0
gaylord-specialty-healthcare|gaylord|ct|06437|ltach-and-inpatient-rehabilitation|gaylord-ct,Gaylord Specialty Healthcare|Gaylord|CT|06437|LTACH & Inpatient Rehabilitation|gaylord ct,MedStar National Rehabilitation Network,0.391,True,3.0
gaylord-specialty-healthcare|gaylord|ct|06437|ltach-and-inpatient-rehabilitation|gaylord-ct,Gaylord Specialty Healthcare|Gaylord|CT|06437|LTACH & Inpatient Rehabilitation|gaylord ct,Kessler Institute for Rehabilitation,0.352,True,3.0
gaylord-hospital---wallingford|wallingford|ct|06492|ltach-and-inpatient-rehabilitation|gaylord-wallingford,Gaylord Hospital - Wallingford|Wallingford|CT|06492|LTACH & Inpatient Rehabilitation|gaylord wallingford,Kessler Institute for Rehabilitation,0.343,True,3.0
gaylord-hospital---wallingford|wallingford|ct|06492|ltach-and-inpatient-rehabilitation|gaylord-wallingford,Gaylord Hospital - Wallingford|Wallingford|CT|06492|LTACH & Inpatient Rehabilitation|gaylord wallingford,MedStar National Rehabilitation Network,0.336,True,3.0
baylor-scott-and-white-medical-center|dallas|tx|75231|academic-medical-center|baylor,Baylor Scott & White Medical Center|Dallas|TX|75231|Academic Medical Center|baylor,Gaylord Specialty Healthcare,0.345,True,3.0
baylor-scott-and-white-medical-center|dallas|tx|75231|academic-medical-center|baylor,Baylor Scott & White Medical Center|Dallas|TX|75231|Academic Medical Center|baylor,MedStar National Rehabilitation Network,0.314,True,3.0
select-specialty-hospital---philadelphia|philadelphia|pa|19144|ltach|select-specialty-philadelphia,Select Specialty Hospital - Philadelphia|Philadelphia|PA|19144|LTACH|select specialty philadelphia,Gaylord Specialty Healthcare,0.317,True,3.0
select-specialty-hospital---pittsburgh|pittsburgh|pa|15212|ltach|select-specialty-pittsburgh,Select Specialty Hospital - Pittsburgh|Pittsburgh|PA|15212|LTACH|select specialty pittsburgh,Gaylord Specialty Healthcare,0.317,True,3.0
select-specialty-hospital---boston|boston|ma|02114|ltach|select-specialty-boston,Select Specialty Hospital - Boston|Boston|MA|02114|LTACH|select specialty boston,Gaylord Specialty Healthcare,0.315,True,3.0
select-specialty-hospital---boston|boston|ma|02114|ltach|select-specialty-boston,Select Specialty Hospital - Boston|Boston|MA|02114|LTACH|select specialty boston,Kessler Institute for Rehabilitation,0.31,True,3.0
select-specialty-hospital---boston|boston|ma|02114|ltach|select-specialty-boston,Select Specialty Hospital - Boston|Boston|MA|02114|LTACH|select specialty boston,MedStar National Rehabilitation Network,0.303,True,3.0
kindred-hospital---philadelphia|philadelphia|pa|19102|ltach|kindred-philadelphia,Kindred Hospital - Philadelphia|Philadelphia|PA|19102|LTACH|kindred philadelphia,Gaylord Specialty Healthcare,0.315,True,3.0
kindred-hospital---reading|reading|pa|19605|ltach|kindred-reading,Kindred Hospital - Reading|Reading|PA|19605|LTACH|kindred reading,Kessler Institute for Rehabilitation,0.317,True,3.0
continuacare-at-st-josephs|jersey-city|nj|07305|inpatient-rehabilitation-hospital|continua-st-josephs,ContinuaCare at St Josephs|Jersey City|NJ|07305|Inpatient Rehabilitation Hospital|continua st josephs,Kessler Institute for Rehabilitation,0.423,True,3.0
continuacare-at-st-josephs|jersey-city|nj|07305|inpatient-rehabilitation-hospital|continua-st-josephs,ContinuaCare at St Josephs|Jersey City|NJ|07305|Inpatient Rehabilitation Hospital|continua st josephs,MedStar National Rehabilitation Network,0.4,True,3.0
encompass-health-rehabilitation-hospital-of-middletown|middletown|pa|17057|inpatient-rehabilitation-hospital|encompass-middletown,Encompass Health Rehabilitation Hospital of Middletown|Middletown|PA|17057|Inpatient Rehabilitation Hospital|encompass middletown,MedStar National Rehabilitation Network,0.345,True,3.0
encompass-health-rehabilitation-hospital-of-middletown|middletown|pa|17057|inpatient-rehabilitation-hospital|encompass-middletown,Encompass Health Rehabilitation Hospital of Middletown|Middletown|PA|17057|Inpatient Rehabilitation Hospital|encompass middletown,Kessler Institute for Rehabilitation,0.339,True,3.0
encompass-health-rehabilitation-hospital-of-philadelphia|philadelphia|pa|19131|inpatient-rehabilitation-hospital|encompass-philadelphia,Encompass Health Rehabilitation Hospital of Philadelphia|Philadelphia|PA|19131|Inpatient Rehabilitation Hospital|encompass philadelphia,Kessler Institute for Rehabilitation,0.327,True,3.0
encompass-health-rehabilitation-hospital-of-philadelphia|philadelphia|pa|19131|inpatient-rehabilitation-hospital|encompass-philadelphia,Encompass Health Rehabilitation Hospital of Philadelphia|Philadelphia|PA|19131|Inpatient Rehabilitation Hospital|encompass philadelphia,MedStar National Rehabilitation Network,0.322,True,3.0
encompass-health-rehabilitation-hospital-of-blue-bell|blue-bell|pa|19422|inpatient-rehabilitation-hospital|encompass-blue-bell,Encompass Health Rehabilitation Hospital of Blue Bell|Blue Bell|PA|19422|Inpatient Rehabilitation Hospital|encompass blue bell,Kessler Institute for Rehabilitation,0.37,True,3.0
encompass-health-rehabilitation-hospital-of-blue-bell|blue-bell|pa|19422|inpatient-rehabilitation-hospital|encompass-blue-bell,Encompass Health Rehabilitation Hospital of Blue Bell|Blue Bell|PA|19422|Inpatient Rehabilitation Hospital|encompass blue bell,MedStar National Rehabilitation Network,0.352,True,3.0
encompass-health-rehabilitation-hospital-of-york|york|pa|17402|inpatient-rehabilitation-hospital|encompass-york,Encompass Health Rehabilitation Hospital of York|York|PA|17402|Inpatient Rehabilitation Hospital|encompass york,Kessler Institute for Rehabilitation,0.395,True,3.0
encompass-health-rehabilitation-hospital-of-york|york|pa|17402|inpatient-rehabilitation-hospital|encompass-york,Encompass Health Rehabilitation Hospital of York|York|PA|17402|Inpatient Rehabilitation Hospital|encompass york,MedStar National Rehabilitation Network,0.36,True,3.0
shore-rehabilitation-hospital|somers-point|nj|08244|inpatient-rehabilitation-hospital|shore-rehab,Shore Rehabilitation Hospital|Somers Point|NJ|08244|Inpatient Rehabilitation Hospital|shore rehab,MedStar National Rehabilitation Network,0.426,True,3.0
shore-rehabilitation-hospital|somers-point|nj|08244|inpatient-rehabilitation-hospital|shore-rehab,Shore Rehabilitation Hospital|Somers Point|NJ|08244|Inpatient Rehabilitation Hospital|shore rehab,Kessler Institute for Rehabilitation,0.406,True,3.0
saint-peters-university-hospital|new-brunswick|nj|08901|academic-medical-center|saint-peters,Saint Peter's University Hospital|New Brunswick|NJ|08901|Academic Medical Center|saint peters,Kessler Institute for Rehabilitation,0.31,True,3.0
morristown-medical-center|morristown|nj|07960|academic-medical-center|morristown,Morristown Medical Center|Morristown|NJ|07960|Academic Medical Center|morristown,MedStar National Rehabilitation Network,0.353,True,3.0
morristown-medical-center|morristown|nj|07960|academic-medical-center|morristown,Morristown Medical Center|Morristown|NJ|07960|Academic Medical Center|morristown,Kessler Institute for Rehabilitation,0.31,True,3.0
robert-wood-johnson-university-hospital-hamilton|hamilton|nj|08690|academic-medical-center|rwj-hamilton,Robert Wood Johnson University Hospital Hamilton|Hamilton|NJ|08690|Academic Medical Center|rwj hamilton,MedStar National Rehabilitation Network,0.352,True,3.0
robert-wood-johnson-university-hospital-hamilton|hamilton|nj|08690|academic-medical-center|rwj-hamilton,Robert Wood Johnson University Hospital Hamilton|Hamilton|NJ|08690|Academic Medical Center|rwj hamilton,Kessler Institute for Rehabilitation,0.302,True,3.0
overlook-medical-center|summit|nj|07901|academic-medical-center|overlook,Overlook Medical Center|Summit|NJ|07901|Academic Medical Center|overlook,MedStar National Rehabilitation Network,0.342,True,3.0
overlook-medical-center|summit|nj|07901|academic-medical-center|overlook,Overlook Medical Center|Summit|NJ|07901|Academic Medical Center|overlook,Kessler Institute for Rehabilitation,0.315,True,3.0
cooper-university-health-care|camden|nj|08103|academic-medical-center|cooper,Cooper University Health Care|Camden|NJ|08103|Academic Medical Center|cooper,Gaylord Specialty Healthcare,0.327,True,3.0
inspira-medical-center-vineland|vineland|nj|08360|community-hospital|inspira-vineland,Inspira Medical Center Vineland|Vineland|NJ|08360|Community Hospital|inspira vineland,MedStar National Rehabilitation Network,0.323,True,3.0
trinitas-regional-medical-center|elizabeth|nj|07202|community-hospital|trinitas,Trinitas Regional Medical Center|Elizabeth|NJ|07202|Community Hospital|trinitas,Kessler Institute for Rehabilitation,0.33,True,3.0
trinitas-regional-medical-center|elizabeth|nj|07202|community-hospital|trinitas,Trinitas Regional Medical Center|Elizabeth|NJ|07202|Community Hospital|trinitas,MedStar National Rehabilitation Network,0.322,True,3.0
st-clares-hospital|denville|nj|07834|community-hospital|st-clares,St. Clare's Hospital|Denville|NJ|07834|Community Hospital|st clares,Craig Hospital,0.321,True,3.0
atlantic-health-system-overlook|summit|nj|07901|academic-medical-center|atlantic-health-overlook,Atlantic Health System Overlook|Summit|NJ|07901|Academic Medical Center|atlantic health overlook,Gaylord Specialty Healthcare,0.306,True,3.0
atlantic-health-system-overlook|summit|nj|07901|academic-medical-center|atlantic-health-overlook,Atlantic Health System Overlook|Summit|NJ|07901|Academic Medical Center|atlantic health overlook,Kessler Institute for Rehabilitation,0.303,True,3.0
atlantic-health-system-morristown|morristown|nj|07960|academic-medical-center|atlantic-morristown,Atlantic Health System Morristown|Morristown|NJ|07960|Academic Medical Center|atlantic morristown,MedStar National Rehabilitation Network,0.309,True,3.0
atlantic-health-system-morristown|morristown|nj|07960|academic-medical-center|atlantic-morristown,Atlantic Health System Morristown|Morristown|NJ|07960|Academic Medical Center|atlantic morristown,Kessler Institute for Rehabilitation,0.301,True,3.0
capital-health-regional-medical-center|trenton|nj|08690|community-hospital|capital-health,Capital Health Regional Medical Center|Trenton|NJ|08690|Community Hospital|capital health,Gaylord Specialty Healthcare,0.325,True,3.0
upmc-presbyterian-shadyside|pittsburgh|pa|15213|academic-medical-center|upmc-presbyterian,UPMC Presbyterian Shadyside|Pittsburgh|PA|15213|Academic Medical Center|upmc presbyterian,MedStar National Rehabilitation Network,0.328,True,3.0
upmc-presbyterian-shadyside|pittsburgh|pa|15213|academic-medical-center|upmc-presbyterian,UPMC Presbyterian Shadyside|Pittsburgh|PA|15213|Academic Medical Center|upmc presbyterian,Kessler Institute for Rehabilitation,0.304,True,3.0
mercy-fitzgerald-hospital|darby|pa|19023|community-hospital|mercy-fitzgerald,Mercy Fitzgerald Hospital|Darby|PA|19023|Community Hospital|mercy fitzgerald,Gaylord Specialty Healthcare,0.308,True,3.0
samaritan-hospital|troy|ny|12180|community-hospital|samaritan-troy,Samaritan Hospital|Troy|NY|12180|Community Hospital|samaritan troy,Kessler Institute for Rehabilitation,0.333,True,3.0
samaritan-hospital|troy|ny|12180|community-hospital|samaritan-troy,Samaritan Hospital|Troy|NY|12180|Community Hospital|samaritan troy,Gaylord Specialty Healthcare,0.319,True,3.0
samaritan-hospital|troy|ny|12180|community-hospital|samaritan-troy,Samaritan Hospital|Troy|NY|12180|Community Hospital|samaritan troy,MedStar National Rehabilitation Network,0.305,True,3.0
albany-medical-center|albany|ny|12208|academic-medical-center|albany-medical,Albany Medical Center|Albany|NY|12208|Academic Medical Center|albany medical,Gaylord Specialty Healthcare,0.308,True,3.0
mount-sinai-beth-israel|new-york|ny|10003|academic-medical-center|mount-sinai-beth-israel,Mount Sinai Beth Israel|New York|NY|10003|Academic Medical Center|mount sinai beth israel,MedStar National Rehabilitation Network,0.344,True,3.0
ny-presbyterian-weill-cornell-medical-center|new-york|ny|10065|academic-medical-center|nyp-cornell,NY Presbyterian Weill Cornell Medical Center|New York|NY|10065|Academic Medical Center|nyp cornell,MedStar National Rehabilitation Network,0.321,True,3.0
harlem-hospital-center|new-york|ny|10037|community-hospital|harlem-hospital,Harlem Hospital Center|New York|NY|10037|Community Hospital|harlem hospital,MedStar National Rehabilitation Network,0.316,True,3.0
harlem-hospital-center|new-york|ny|10037|community-hospital|harlem-hospital,Harlem Hospital Center|New York|NY|10037|Community Hospital|harlem hospital,Gaylord Specialty Healthcare,0.311,True,3.0
bronxcare-health-system|bronx|ny|10457|community-hospital|bronxcare,BronxCare Health System|Bronx|NY|10457|Community Hospital|bronxcare,Gaylord Specialty Healthcare,0.4,True,3.0
metropolitan-hospital-center|new-york|ny|10029|community-hospital|metropolitan-hospital,Metropolitan Hospital Center|New York|NY|10029|Community Hospital|metropolitan hospital,Kessler Institute for Rehabilitation,0.309,True,3.0
metropolitan-hospital-center|new-york|ny|10029|community-hospital|metropolitan-hospital,Metropolitan Hospital Center|New York|NY|10029|Community Hospital|metropolitan hospital,MedStar National Rehabilitation Network,0.302,True,3.0
elmhurst-hospital-center|queens|ny|11373|community-hospital|elmhurst-hospital,Elmhurst Hospital Center|Queens|NY|11373|Community Hospital|elmhurst hospital,Kessler Institute for Rehabilitation,0.301,True,3.0
richmond-university-medical-center|staten-island|ny|10305|community-hospital|richmond-umc,Richmond University Medical Center|Staten Island|NY|10305|Community Hospital|richmond umc,Kessler Institute for Rehabilitation,0.304,True,3.0
st-barnabas-hospital|bronx|ny|10457|community-hospital|st-barnabas,St Barnabas Hospital|Bronx|NY|10457|Community Hospital|st barnabas,Craig Hospital,0.3,True,3.0
bronx-lebanon-hospital-center|bronx|ny|10457|community-hospital|bronx-lebanon,Bronx Lebanon Hospital Center|Bronx|NY|10457|Community Hospital|bronx lebanon,MedStar National Rehabilitation Network,0.31,True,3.0
bronx-lebanon-hospital-center|bronx|ny|10457|community-hospital|bronx-lebanon,Bronx Lebanon Hospital Center|Bronx|NY|10457|Community Hospital|bronx lebanon,Kessler Institute for Rehabilitation,0.301,True,3.0
mount-sinai-south-nassau|oceanside|ny|11572|community-hospital|mount-sinai-south-nassau,Mount Sinai South Nassau|Oceanside|NY|11572|Community Hospital|mount sinai south nassau,Kessler Institute for Rehabilitation,0.309,True,3.0
winthrop-university-hospital|mineola|ny|11501|academic-medical-center|winthrop,Winthrop-University Hospital|Mineola|NY|11501|Academic Medical Center|winthrop,MedStar National Rehabilitation Network,0.308,True,3.0
winthrop-university-hospital|mineola|ny|11501|academic-medical-center|winthrop,Winthrop-University Hospital|Mineola|NY|11501|Academic Medical Center|winthrop,Gaylord Specialty Healthcare,0.302,True,3.0
st-vincents-medical-center|bridgeport|ct|06606|community-hospital|st-vincents-bridgeport,St Vincent's Medical Center|Bridgeport|CT|06606|Community Hospital|st vincents bridgeport,Kessler Institute for Rehabilitation,0.304,True,3.0
yale-new-haven-hospital|new-haven|ct|06511|academic-medical-center|yale,Yale New Haven Hospital|New Haven|CT|06511|Academic Medical Center|yale,MedStar National Rehabilitation Network,0.309,True,3.0
yale-new-haven-hospital|new-haven|ct|06511|academic-medical-center|yale,Yale New Haven Hospital|New Haven|CT|06511|Academic Medical Center|yale,Craig Hospital,0.306,True,3.0
yale-new-haven-hospital|new-haven|ct|06511|academic-medical-center|yale,Yale New Haven Hospital|New Haven|CT|06511|Academic Medical Center|yale,Gaylord Specialty Healthcare,0.303,True,3.0
mount-sinai-health-system---stamford|stamford|ct|06901|academic-medical-center|mount-sinai-stamford,Mount Sinai Health System - Stamford|Stamford|CT|06901|Academic Medical Center|mount sinai stamford,Kessler Institute for Rehabilitation,0.311,True,3.0
mount-sinai-health-system---stamford|stamford|ct|06901|academic-medical-center|mount-sinai-stamford,Mount Sinai Health System - Stamford|Stamford|CT|06901|Academic Medical Center|mount sinai stamford,MedStar National Rehabilitation Network,0.304,True,3.0
hartford-hospital|hartford|ct|06106|academic-medical-center|hartford-hospital,Hartford Hospital|Hartford|CT|06106|Academic Medical Center|hartford hospital,MedStar National Rehabilitation Network,0.345,True,3.0
hartford-hospital|hartford|ct|06106|academic-medical-center|hartford-hospital,Hartford Hospital|Hartford|CT|06106|Academic Medical Center|hartford hospital,Gaylord Specialty Healthcare,0.343,True,3.0
st-francis-hospital-and-medical-center|hartford|ct|06105|community-hospital|st-francis-hartford,St Francis Hospital and Medical Center|Hartford|CT|06105|Community Hospital|st francis hartford,Kessler Institute for Rehabilitation,0.305,True,3.0
norwalk-hospital|norwalk|ct|06851|community-hospital|norwalk-hospital,Norwalk Hospital|Norwalk|CT|06851|Community Hospital|norwalk hospital,MedStar National Rehabilitation Network,0.352,True,3.0
norwalk-hospital|norwalk|ct|06851|community-hospital|norwalk-hospital,Norwalk Hospital|Norwalk|CT|06851|Community Hospital|norwalk hospital,Gaylord Specialty Healthcare,0.309,True,3.0
bridgeport-hospital|bridgeport|ct|06604|academic-medical-center|bridgeport-hospital,Bridgeport Hospital|Bridgeport|CT|06604|Academic Medical Center|bridgeport hospital,Gaylord Specialty Healthcare,0.306,True,3.0
newyork-presbyterian-hudson-valley-hospital|cortlandt-manor|ny|10567|community-hospital|hudson-valley,NewYork-Presbyterian Hudson Valley Hospital|Cortlandt Manor|NY|10567|Community Hospital|hudson valley,MedStar National Rehabilitation Network,0.3,True,3.0
jersey-shore-university-medical-center|neptune|nj|07753|academic-medical-center|jersey-shore,Jersey Shore University Medical Center|Neptune|NJ|07753|Academic Medical Center|jersey shore,Kessler Institute for Rehabilitation,0.328,True,3.0
bayhealth-kent-campus|dover|de|19901|community-hospital|bayhealth,Bayhealth Kent Campus|Dover|DE|19901|Community Hospital|bayhealth,Gaylord Specialty Healthcare,0.323,True,3.0
bayhealth-kent-campus|dover|de|19901|community-hospital|bayhealth,Bayhealth Kent Campus|Dover|DE|19901|Community Hospital|bayhealth,Craig Hospital,0.304,True,3.0
bayhealth-sussex-campus|milford|de|19963|community-hospital|bayhealth-sussex,Bayhealth Sussex Campus|Milford|DE|19963|Community Hospital|bayhealth sussex,Gaylord Specialty Healthcare,0.308,True,3.0
nemours-alfred-i-dupont-hospital-for-children|wilmington|de|19803|pediatric-specialty-hospital|nemours-dupont,Nemours Alfred I duPont Hospital for Children|Wilmington|DE|19803|Pediatric Specialty Hospital|nemours dupont,MedStar National Rehabilitation Network,0.311,True,3.0
nemours-alfred-i-dupont-hospital-for-children|wilmington|de|19803|pediatric-specialty-hospital|nemours-dupont,Nemours Alfred I duPont Hospital for Children|Wilmington|DE|19803|Pediatric Specialty Hospital|nemours dupont,Gaylord Specialty Healthcare,0.307,True,3.0
nemours-alfred-i-dupont-hospital-for-children|wilmington|de|19803|pediatric-specialty-hospital|nemours-dupont,Nemours Alfred I duPont Hospital for Children|Wilmington|DE|19803|Pediatric Specialty Hospital|nemours dupont,Kessler Institute for Rehabilitation,0.303,True,3.0
christianacare-wilmington-hospital|wilmington|de|19801|academic-medical-center|christianacare-wilmington,ChristianaCare Wilmington Hospital|Wilmington|DE|19801|Academic Medical Center|christianacare wilmington,MedStar National Rehabilitation Network,0.308,True,3.0
christianacare-wilmington-hospital|wilmington|de|19801|academic-medical-center|christianacare-wilmington,ChristianaCare Wilmington Hospital|Wilmington|DE|19801|Academic Medical Center|christianacare wilmington,Kessler Institute for Rehabilitation,0.3,True,3.0
st-francis-hospital|wilmington|de|19801|community-hospital|st-francis-wilmington,St. Francis Hospital|Wilmington|DE|19801|Community Hospital|st francis wilmington,Kessler Institute for Rehabilitation,0.308,True,3.0
st-francis-hospital|wilmington|de|19801|community-hospital|st-francis-wilmington,St. Francis Hospital|Wilmington|DE|19801|Community Hospital|st francis wilmington,MedStar National Rehabilitation Network,0.3,True,3.0
beebe-healthcare|lewes|de|19958|community-hospital|beebe,Beebe Healthcare|Lewes|DE|19958|Community Hospital|beebe,Gaylord Specialty Healthcare,0.381,True,3.0
beebe-healthcare|lewes|de|19958|community-hospital|beebe,Beebe Healthcare|Lewes|DE|19958|Community Hospital|beebe,Craig Hospital,0.314,True,3.0
saint-mary-hospital|rochester|ny|14621|community-hospital|saint-mary-rochester,Saint Mary Hospital|Rochester|NY|14621|Community Hospital|saint mary rochester,Kessler Institute for Rehabilitation,0.316,True,3.0
saint-mary-hospital|rochester|ny|14621|community-hospital|saint-mary-rochester,Saint Mary Hospital|Rochester|NY|14621|Community Hospital|saint mary rochester,Gaylord Specialty Healthcare,0.302,True,3.0
medstar-georgetown-university-hospital|washington|dc|20007|academic-medical-center|georgetown|medstar-georgetown,MedStar Georgetown University Hospital|Washington|DC|20007|Academic Medical Center|georgetown|medstar georgetown,MedStar National Rehabilitation Network,0.318,True,3.0
medstar-national-rehabilitation-network|washington|dc|20007|inpatient-rehabilitation-hospital|medstar-national-rehab,MedStar National Rehabilitation Network|Washington|DC|20007|Inpatient Rehabilitation Hospital|medstar national rehab,MedStar National Rehabilitation Network,0.503,True,3.0
medstar-national-rehabilitation-network|washington|dc|20007|inpatient-rehabilitation-hospital|medstar-national-rehab,MedStar National Rehabilitation Network|Washington|DC|20007|Inpatient Rehabilitation Hospital|medstar national rehab,Kessler Institute for Rehabilitation,0.355,True,3.0
medstar-good-samaritan-hospital|baltimore|md|21215|community-hospital|medstar-good-samaritan,MedStar Good Samaritan Hospital|Baltimore|MD|21215|Community Hospital|medstar good samaritan,MedStar National Rehabilitation Network,0.321,True,3.0
medstar-good-samaritan-hospital|baltimore|md|21215|community-hospital|medstar-good-samaritan,MedStar Good Samaritan Hospital|Baltimore|MD|21215|Community Hospital|medstar good samaritan,Kessler Institute for Rehabilitation,0.312,True,3.0
medstar-good-samaritan-hospital|baltimore|md|21215|community-hospital|medstar-good-samaritan,MedStar Good Samaritan Hospital|Baltimore|MD|21215|Community Hospital|medstar good samaritan,Gaylord Specialty Healthcare,0.3,True,3.0
sarasota-memorial-hospital|sarasota|fl|34236|academic-medical-center|sarasota-memorial,Sarasota Memorial Hospital|Sarasota|FL|34236|Academic Medical Center|sarasota memorial,Kessler Institute for Rehabilitation,0.311,True,3.0
sarasota-memorial-hospital|sarasota|fl|34236|academic-medical-center|sarasota-memorial,Sarasota Memorial Hospital|Sarasota|FL|34236|Academic Medical Center|sarasota memorial,MedStar National Rehabilitation Network,0.304,True,3.0
baycare-health-system|multiple|fl|00000|health-system|baycare,BayCare Health System|Multiple|FL|00000|Health System|baycare,Gaylord Specialty Healthcare,0.404,True,3.0
jackson-memorial-hospital|miami|fl|33136|academic-medical-center|jackson-memorial,Jackson Memorial Hospital|Miami|FL|33136|Academic Medical Center|jackson memorial,MedStar National Rehabilitation Network,0.3,True,3.0
mount-sinai-medical-center|miami-beach|fl|33140|academic-medical-center|mount-sinai-miami,Mount Sinai Medical Center|Miami Beach|FL|33140|Academic Medical Center|mount sinai miami,MedStar National Rehabilitation Network,0.312,True,3.0
baptist-hospital-of-miami|miami|fl|33131|academic-medical-center|baptist-miami,Baptist Hospital of Miami|Miami|FL|33131|Academic Medical Center|baptist miami,MedStar National Rehabilitation Network,0.308,True,3.0
adventhealth-orlando|orlando|fl|32803|academic-medical-center|adventhealth-orlando,AdventHealth Orlando|Orlando|FL|32803|Academic Medical Center|adventhealth orlando,Kessler Institute for Rehabilitation,0.305,True,3.0
orlando-health|orlando|fl|32803|academic-medical-center|orlando-health,Orlando Health|Orlando|FL|32803|Academic Medical Center|orlando health,Gaylord Specialty Healthcare,0.388,True,3.0
moffitt-cancer-center|tampa|fl|33612|specialty-hospital|moffitt,Moffitt Cancer Center|Tampa|FL|33612|Specialty Hospital|moffitt,Craig Hospital,0.338,True,3.0
moffitt-cancer-center|tampa|fl|33612|specialty-hospital|moffitt,Moffitt Cancer Center|Tampa|FL|33612|Specialty Hospital|moffitt,Gaylord Specialty Healthcare,0.33,True,3.0
moffitt-cancer-center|tampa|fl|33612|specialty-hospital|moffitt,Moffitt Cancer Center|Tampa|FL|33612|Specialty Hospital|moffitt,Kessler Institute for Rehabilitation,0.303,True,3.0
morton-plant-hospital|clearwater|fl|33756|community-hospital|morton-plant,Morton Plant Hospital|Clearwater|FL|33756|Community Hospital|morton plant,Kessler Institute for Rehabilitation,0.312,True,3.0
morton-plant-hospital|clearwater|fl|33756|community-hospital|morton-plant,Morton Plant Hospital|Clearwater|FL|33756|Community Hospital|morton plant,MedStar National Rehabilitation Network,0.304,True,3.0
johns-hopkins-bayview-medical-center|baltimore|md|21224|academic-medical-center|bayview,Johns Hopkins Bayview Medical Center|Baltimore|MD|21224|Academic Medical Center|bayview,MedStar National Rehabilitation Network,0.317,True,3.0
johns-hopkins-bayview-medical-center|baltimore|md|21224|academic-medical-center|bayview,Johns Hopkins Bayview Medical Center|Baltimore|MD|21224|Academic Medical Center|bayview,Gaylord Specialty Healthcare,0.313,True,3.0
franklin-square-hospital-center|baltimore|md|21237|community-hospital|franklin-square,Franklin Square Hospital Center|Baltimore|MD|21237|Community Hospital|franklin square,MedStar National Rehabilitation Network,0.306,True,3.0
saint-agnes-hospital|baltimore|md|21201|community-hospital|saint-agnes,Saint Agnes Hospital|Baltimore|MD|21201|Community Hospital|saint agnes,MedStar National Rehabilitation Network,0.312,True,3.0
saint-agnes-hospital|baltimore|md|21201|community-hospital|saint-agnes,Saint Agnes Hospital|Baltimore|MD|21201|Community Hospital|saint agnes,Kessler Institute for Rehabilitation,0.302,True,3.0
mercy-medical-center|baltimore|md|21201|community-hospital|mercy-baltimore,Mercy Medical Center|Baltimore|MD|21201|Community Hospital|mercy baltimore,MedStar National Rehabilitation Network,0.354,True,3.0
mercy-medical-center|baltimore|md|21201|community-hospital|mercy-baltimore,Mercy Medical Center|Baltimore|MD|21201|Community Hospital|mercy baltimore,Kessler Institute for Rehabilitation,0.345,True,3.0
mercy-medical-center|baltimore|md|21201|community-hospital|mercy-baltimore,Mercy Medical Center|Baltimore|MD|21201|Community Hospital|mercy baltimore,Gaylord Specialty Healthcare,0.314,True,3.0
wellspan-york-hospital|york|pa|17403|community-hospital|wellspan-york,WellSpan York Hospital|York|PA|17403|Community Hospital|wellspan york,Kessler Institute for Rehabilitation,0.324,True,3.0
saint-vincent-hospital|worcester|ma|01605|community-hospital|saint-vincent-worcester,Saint Vincent Hospital|Worcester|MA|01605|Community Hospital|saint vincent worcester,Kessler Institute for Rehabilitation,0.317,True,3.0
baystate-medical-center|springfield|ma|01199|academic-medical-center|baystate,Baystate Medical Center|Springfield|MA|01199|Academic Medical Center|baystate,Gaylord Specialty Healthcare,0.305,True,3.0
cooley-dickinson-hospital|northampton|ma|01060|community-hospital|cooley-dickinson,Cooley Dickinson Hospital|Northampton|MA|01060|Community Hospital|cooley dickinson,MedStar National Rehabilitation Network,0.314,True,3.0
brattleboro-memorial-hospital|brattleboro|vt|05301|community-hospital|brattleboro,Brattleboro Memorial Hospital|Brattleboro|VT|05301|Community Hospital|brattleboro,Gaylord Specialty Healthcare,0.312,True,3.0
brattleboro-memorial-hospital|brattleboro|vt|05301|community-hospital|brattleboro,Brattleboro Memorial Hospital|Brattleboro|VT|05301|Community Hospital|brattleboro,Kessler Institute for Rehabilitation,0.308,True,3.0
dartmouth-hitchcock-medical-center|lebanon|nh|03756|academic-medical-center|dartmouth-hitchcock,Dartmouth Hitchcock Medical Center|Lebanon|NH|03756|Academic Medical Center|dartmouth hitchcock,MedStar National Rehabilitation Network,0.313,True,3.0
eastern-maine-medical-center|bangor|me|04401|community-hospital|eastern-maine,Eastern Maine Medical Center|Bangor|ME|04401|Community Hospital|eastern maine,MedStar National Rehabilitation Network,0.345,True,3.0
eastern-maine-medical-center|bangor|me|04401|community-hospital|eastern-maine,Eastern Maine Medical Center|Bangor|ME|04401|Community Hospital|eastern maine,Kessler Institute for Rehabilitation,0.319,True,3.0
henry-ford-hospital|detroit|mi|48202|academic-medical-center|henry-ford,Henry Ford Hospital|Detroit|MI|48202|Academic Medical Center|henry ford,Gaylord Specialty Healthcare,0.364,True,3.0
henry-ford-hospital|detroit|mi|48202|academic-medical-center|henry-ford,Henry Ford Hospital|Detroit|MI|48202|Academic Medical Center|henry ford,Kessler Institute for Rehabilitation,0.318,True,3.0
corewell-health-university-of-michigan-health|ann-arbor|mi|48109|academic-medical-center|umich-health,Corewell Health University of Michigan Health|Ann Arbor|MI|48109|Academic Medical Center|umich health,MedStar National Rehabilitation Network,0.3,True,3.0
st-john-hospital-and-medical-center|detroit|mi|48201|community-hospital|st-john-detroit,St John Hospital and Medical Center|Detroit|MI|48201|Community Hospital|st john detroit,MedStar National Rehabilitation Network,0.349,True,3.0
st-john-hospital-and-medical-center|detroit|mi|48201|community-hospital|st-john-detroit,St John Hospital and Medical Center|Detroit|MI|48201|Community Hospital|st john detroit,Kessler Institute for Rehabilitation,0.325,True,3.0
froedtert-hospital|milwaukee|wi|53226|academic-medical-center|froedtert,Froedtert Hospital|Milwaukee|WI|53226|Academic Medical Center|froedtert,Gaylord Specialty Healthcare,0.303,True,3.0
aurora-sinai-medical-center|milwaukee|wi|53226|academic-medical-center|aurora-sinai,Aurora Sinai Medical Center|Milwaukee|WI|53226|Academic Medical Center|aurora sinai,MedStar National Rehabilitation Network,0.311,True,3.0
aurora-sinai-medical-center|milwaukee|wi|53226|academic-medical-center|aurora-sinai,Aurora Sinai Medical Center|Milwaukee|WI|53226|Academic Medical Center|aurora sinai,Kessler Institute for Rehabilitation,0.303,True,3.0
uw-health-university-hospital|madison|wi|53792|academic-medical-center|uw-health,UW Health University Hospital|Madison|WI|53792|Academic Medical Center|uw health,Gaylord Specialty Healthcare,0.333,True,3.0
uw-health-university-hospital|madison|wi|53792|academic-medical-center|uw-health,UW Health University Hospital|Madison|WI|53792|Academic Medical Center|uw health,MedStar National Rehabilitation Network,0.319,True,3.0
samaritan-medical-center|watertown|ny|13601|community-hospital|samaritan-watertown,Samaritan Medical Center|Watertown|NY|13601|Community Hospital|samaritan watertown,MedStar National Rehabilitation Network,0.347,True,3.0
samaritan-medical-center|watertown|ny|13601|community-hospital|samaritan-watertown,Samaritan Medical Center|Watertown|NY|13601|Community Hospital|samaritan watertown,Kessler Institute for Rehabilitation,0.322,True,3.0
strong-memorial-hospital|rochester|ny|14642|academic-medical-center|strong-memorial,Strong Memorial Hospital|Rochester|NY|14642|Academic Medical Center|strong memorial,Kessler Institute for Rehabilitation,0.353,True,3.0
strong-memorial-hospital|rochester|ny|14642|academic-medical-center|strong-memorial,Strong Memorial Hospital|Rochester|NY|14642|Academic Medical Center|strong memorial,MedStar National Rehabilitation Network,0.328,True,3.0
st-peters-health-partners|albany|ny|12208|health-system|st-peters-health-partners,St. Peter's Health Partners|Albany|NY|12208|Health System|st peters health partners,MedStar National Rehabilitation Network,0.344,True,3.0
st-peters-health-partners|albany|ny|12208|health-system|st-peters-health-partners,St. Peter's Health Partners|Albany|NY|12208|Health System|st peters health partners,Gaylord Specialty Healthcare,0.306,True,3.0
st-peters-health-partners|albany|ny|12208|health-system|st-peters-health-partners,St. Peter's Health Partners|Albany|NY|12208|Health System|st peters health partners,Kessler Institute for Rehabilitation,0.303,True,3.0
albany-med-health-system|albany|ny|12208|health-system|albany-med,Albany Med Health System|Albany|NY|12208|Health System|albany med,Gaylord Specialty Healthcare,0.366,True,3.0
albany-med-health-system|albany|ny|12208|health-system|albany-med,Albany Med Health System|Albany|NY|12208|Health System|albany med,MedStar National Rehabilitation Network,0.308,True,3.0
metrohealth-medical-center|cleveland|oh|44106|community-hospital|metrohealth,MetroHealth Medical Center|Cleveland|OH|44106|Community Hospital|metrohealth,MedStar National Rehabilitation Network,0.313,True,3.0
metrohealth-medical-center|cleveland|oh|44106|community-hospital|metrohealth,MetroHealth Medical Center|Cleveland|OH|44106|Community Hospital|metrohealth,Gaylord Specialty Healthcare,0.308,True,3.0
university-hospitals-parma-medical-center|parma|oh|44129|community-hospital|uhparma,University Hospitals Parma Medical Center|Parma|OH|44129|Community Hospital|uhparma,Gaylord Specialty Healthcare,0.306,True,3.0
miami-valley-hospital|dayton|oh|45429|academic-medical-center|miami-valley,Miami Valley Hospital|Dayton|OH|45429|Academic Medical Center|miami valley,Gaylord Specialty Healthcare,0.314,True,3.0
miami-valley-hospital|dayton|oh|45429|academic-medical-center|miami-valley,Miami Valley Hospital|Dayton|OH|45429|Academic Medical Center|miami valley,MedStar National Rehabilitation Network,0.301,True,3.0
the-toledo-hospital|toledo|oh|43614|community-hospital|toledo-hospital,The Toledo Hospital|Toledo|OH|43614|Community Hospital|toledo hospital,Gaylord Specialty Healthcare,0.327,True,3.0
akron-general-medical-center|akron|oh|44307|community-hospital|akron-general,Akron General Medical Center|Akron|OH|44307|Community Hospital|akron general,Kessler Institute for Rehabilitation,0.304,True,3.0
summa-health-system|akron|oh|44307|health-system|summa,Summa Health System|Akron|OH|44307|Health System|summa,Gaylord Specialty Healthcare,0.341,True,3.0
st-vincent-charity-medical-center|cleveland|oh|44103|community-hospital|st-vincent-charity,St. Vincent Charity Medical Center|Cleveland|OH|44103|Community Hospital|st vincent charity,MedStar National Rehabilitation Network,0.323,True,3.0
christ-hospital|oaklawn|ri|02877|community-hospital|christ-hospital-ri,Christ Hospital|Oaklawn|RI|02877|Community Hospital|christ hospital ri,Kessler Institute for Rehabilitation,0.321,True,3.0
christ-hospital|oaklawn|ri|02877|community-hospital|christ-hospital-ri,Christ Hospital|Oaklawn|RI|02877|Community Hospital|christ hospital ri,Craig Hospital,0.31,True,3.0
rhode-island-hospital|providence|ri|02903|academic-medical-center|rhode-island-hospital,Rhode Island Hospital|Providence|RI|02903|Academic Medical Center|rhode island hospital,MedStar National Rehabilitation Network,0.317,True,3.0
miriam-hospital|providence|ri|02906|community-hospital|miriam-hospital,Miriam Hospital|Providence|RI|02906|Community Hospital|miriam hospital,Gaylord Specialty Healthcare,0.306,True,3.0
roger-williams-medical-center|providence|ri|02905|community-hospital|roger-williams,Roger Williams Medical Center|Providence|RI|02905|Community Hospital|roger williams,Kessler Institute for Rehabilitation,0.303,True,3.0
bradford-regional-medical-center|bradford|pa|16701|community-hospital|bradford-regional,Bradford Regional Medical Center|Bradford|PA|16701|Community Hospital|bradford regional,MedStar National Rehabilitation Network,0.302,True,3.0
central-maine-medical-center|lewiston|me|04240|community-hospital|central-maine-medical,Central Maine Medical Center|Lewiston|ME|04240|Community Hospital|central maine medical,Kessler Institute for Rehabilitation,0.325,True,3.0
central-maine-medical-center|lewiston|me|04240|community-hospital|central-maine-medical,Central Maine Medical Center|Lewiston|ME|04240|Community Hospital|central maine medical,MedStar National Rehabilitation Network,0.302,True,3.0
erlanger-health-system|chattanooga|tn|37432|academic-medical-center|erlanger,Erlanger Health System|Chattanooga|TN|37432|Academic Medical Center|erlanger,Gaylord Specialty Healthcare,0.327,True,3.0
erlanger-health-system|chattanooga|tn|37432|academic-medical-center|erlanger,Erlanger Health System|Chattanooga|TN|37432|Academic Medical Center|erlanger,MedStar National Rehabilitation Network,0.313,True,3.0
erlanger-health-system|chattanooga|tn|37432|academic-medical-center|erlanger,Erlanger Health System|Chattanooga|TN|37432|Academic Medical Center|erlanger,Kessler Institute for Rehabilitation,0.304,True,3.0
vanderbilt-university-medical-center|nashville|tn|37232|academic-medical-center|vanderbilt,Vanderbilt University Medical Center|Nashville|TN|37232|Academic Medical Center|vanderbilt,MedStar National Rehabilitation Network,0.31,True,3.0
regional-one-health|memphis|tn|38103|academic-medical-center|regional-one,Regional One Health|Memphis|TN|38103|Academic Medical Center|regional one,MedStar National Rehabilitation Network,0.357,True,3.0
regional-one-health|memphis|tn|38103|academic-medical-center|regional-one,Regional One Health|Memphis|TN|38103|Academic Medical Center|regional one,Gaylord Specialty Healthcare,0.356,True,3.0
regional-one-health|memphis|tn|38103|academic-medical-center|regional-one,Regional One Health|Memphis|TN|38103|Academic Medical Center|regional one,Kessler Institute for Rehabilitation,0.312,True,3.0
methodist-le-bonheur-healthcare|memphis|tn|38103|health-system|methodist,Methodist Le Bonheur Healthcare|Memphis|TN|38103|Health System|methodist,Gaylord Specialty Healthcare,0.38,True,3.0
methodist-le-bonheur-healthcare|memphis|tn|38103|health-system|methodist,Methodist Le Bonheur Healthcare|Memphis|TN|38103|Health System|methodist,MedStar National Rehabilitation Network,0.306,True,3.0
saint-francis-hospital-and-medical-center|hartford|ct|06105|community-hospital|saint-francis,Saint Francis Hospital and Medical Center|Hartford|CT|06105|Community Hospital|saint francis,Kessler Institute for Rehabilitation,0.312,True,3.0
saint-francis-hospital-and-medical-center|hartford|ct|06105|community-hospital|saint-francis,Saint Francis Hospital and Medical Center|Hartford|CT|06105|Community Hospital|saint francis,MedStar National Rehabilitation Network,0.305,True,3.0
ochsner-medical-center|new-orleans|la|70112|academic-medical-center|ochsner,Ochsner Medical Center|New Orleans|LA|70112|Academic Medical Center|ochsner,Kessler Institute for Rehabilitation,0.306,True,3.0
university-medical-center-new-orleans|new-orleans|la|70112|community-hospital|umc-new-orleans,University Medical Center New Orleans|New Orleans|LA|70112|Community Hospital|umc new orleans,MedStar National Rehabilitation Network,0.318,True,3.0
university-medical-center-new-orleans|new-orleans|la|70112|community-hospital|umc-new-orleans,University Medical Center New Orleans|New Orleans|LA|70112|Community Hospital|umc new orleans,Kessler Institute for Rehabilitation,0.31,True,3.0
lsu-health-shreveport|shreveport|la|71103|academic-medical-center|lsu-shreveport,LSU Health Shreveport|Shreveport|LA|71103|Academic Medical Center|lsu shreveport,Shepherd Center,0.316,True,3.0
lsu-health-shreveport|shreveport|la|71103|academic-medical-center|lsu-shreveport,LSU Health Shreveport|Shreveport|LA|71103|Academic Medical Center|lsu shreveport,Gaylord Specialty Healthcare,0.315,True,3.0
lsu-health-shreveport|shreveport|la|71103|academic-medical-center|lsu-shreveport,LSU Health Shreveport|Shreveport|LA|71103|Academic Medical Center|lsu shreveport,MedStar National Rehabilitation Network,0.303,True,3.0
childrens-hospital-new-orleans|new-orleans|la|70112|pediatric-specialty-hospital|childrens-no,Children's Hospital New Orleans|New Orleans|LA|70112|Pediatric Specialty Hospital|childrens no,Gaylord Specialty Healthcare,0.344,True,3.0
childrens-hospital-new-orleans|new-orleans|la|70112|pediatric-specialty-hospital|childrens-no,Children's Hospital New Orleans|New Orleans|LA|70112|Pediatric Specialty Hospital|childrens no,MedStar National Rehabilitation Network,0.301,True,3.0
methodist-hospital|jackson|ms|39216|community-hospital|methodist-jackson,Methodist Hospital|Jackson|MS|39216|Community Hospital|methodist jackson,MedStar National Rehabilitation Network,0.324,True,3.0
methodist-hospital|jackson|ms|39216|community-hospital|methodist-jackson,Methodist Hospital|Jackson|MS|39216|Community Hospital|methodist jackson,Kessler Institute for Rehabilitation,0.315,True,3.0
university-of-mississippi-medical-center|jackson|ms|39216|academic-medical-center|umc-jackson,University of Mississippi Medical Center|Jackson|MS|39216|Academic Medical Center|umc jackson,MedStar National Rehabilitation Network,0.318,True,3.0
ochsner-lsu-health-shreveport|shreveport|la|71103|academic-medical-center|ochsner-shreveport,Ochsner LSU Health Shreveport|Shreveport|LA|71103|Academic Medical Center|ochsner shreveport,Gaylord Specialty Healthcare,0.317,True,3.0
hasbro-childrens-hospital|providence|ri|02903|pediatric-specialty-hospital|hasbro-childrens,Hasbro Children's Hospital|Providence|RI|02903|Pediatric Specialty Hospital|hasbro childrens,Gaylord Specialty Healthcare,0.35,True,3.0
ut-southwestern-medical-center|dallas|tx|75390|academic-medical-center|utsw,UT Southwestern Medical Center|Dallas|TX|75390|Academic Medical Center|utsw,Kessler Institute for Rehabilitation,0.306,True,3.0
st-davids-medical-center|austin|tx|78701|academic-medical-center|st-davids-austin,St. David's Medical Center|Austin|TX|78701|Academic Medical Center|st davids austin,MedStar National Rehabilitation Network,0.344,True,3.0
st-davids-medical-center|austin|tx|78701|academic-medical-center|st-davids-austin,St. David's Medical Center|Austin|TX|78701|Academic Medical Center|st davids austin,Kessler Institute for Rehabilitation,0.336,True,3.0
dell-seton-medical-center-at-the-university-of-texas|austin|tx|78701|academic-medical-center|dell-seton,Dell Seton Medical Center at The University of Texas|Austin|TX|78701|Academic Medical Center|dell seton,MedStar National Rehabilitation Network,0.31,True,3.0
methodist-hospital-houston|houston|tx|77030|academic-medical-center|methodist-houston,Methodist Hospital Houston|Houston|TX|77030|Academic Medical Center|methodist houston,MedStar National Rehabilitation Network,0.323,True,3.0
methodist-hospital-houston|houston|tx|77030|academic-medical-center|methodist-houston,Methodist Hospital Houston|Houston|TX|77030|Academic Medical Center|methodist houston,Kessler Institute for Rehabilitation,0.314,True,3.0
st-lukes-health-baylor-st-lukes-medical-center|houston|tx|77030|academic-medical-center|baylor-st-lukes,St Luke's Health-Baylor St Luke's Medical Center|Houston|TX|77030|Academic Medical Center|baylor st lukes,Gaylord Specialty Healthcare,0.331,True,3.0
christus-santa-rosa-hospital|san-antonio|tx|78207|community-hospital|christus-santa-rosa,Christus Santa Rosa Hospital|San Antonio|TX|78207|Community Hospital|christus santa rosa,Kessler Institute for Rehabilitation,0.306,True,3.0
university-health-system|san-antonio|tx|78229|community-hospital|university-health-san-antonio,University Health System|San Antonio|TX|78229|Community Hospital|university health san antonio,Kessler Institute for Rehabilitation,0.338,True,3.0
university-health-system|san-antonio|tx|78229|community-hospital|university-health-san-antonio,University Health System|San Antonio|TX|78229|Community Hospital|university health san antonio,MedStar National Rehabilitation Network,0.301,True,3.0
university-of-utah-health|salt-lake-city|ut|84132|academic-medical-center|university-of-utah,University of Utah Health|Salt Lake City|UT|84132|Academic Medical Center|university of utah,Kessler Institute for Rehabilitation,0.312,True,3.0
university-of-utah-health|salt-lake-city|ut|84132|academic-medical-center|university-of-utah,University of Utah Health|Salt Lake City|UT|84132|Academic Medical Center|university of utah,Gaylord Specialty Healthcare,0.3,True,3.0
porter-adventist-hospital|westminster|co|80031|community-hospital|porter-adventist,Porter Adventist Hospital|Westminster|CO|80031|Community Hospital|porter adventist,Kessler Institute for Rehabilitation,0.305,True,3.0
scl-health-good-samaritan-medical-center|lafayette|co|80026|community-hospital|good-samaritan-lafayette,SCL Health Good Samaritan Medical Center|Lafayette|CO|80026|Community Hospital|good samaritan lafayette,MedStar National Rehabilitation Network,0.31,True,3.0
community-regional-medical-center|fresno|ca|93721|academic-medical-center|community-regional-fresno,Community Regional Medical Center|Fresno|CA|93721|Academic Medical Center|community regional fresno,Kessler Institute for Rehabilitation,0.311,True,3.0
kaweah-delta-medical-center|visalia|ca|93291|academic-medical-center|kaweah-delta,Kaweah Delta Medical Center|Visalia|CA|93291|Academic Medical Center|kaweah delta,MedStar National Rehabilitation Network,0.317,True,3.0
kaweah-delta-medical-center|visalia|ca|93291|academic-medical-center|kaweah-delta,Kaweah Delta Medical Center|Visalia|CA|93291|Academic Medical Center|kaweah delta,Gaylord Specialty Healthcare,0.312,True,3.0
fresno-heart-and-surgical-hospital|fresno|ca|93711|specialty-hospital|fresno-heart,Fresno Heart and Surgical Hospital|Fresno|CA|93711|Specialty Hospital|fresno heart,Gaylord Specialty Healthcare,0.327,True,3.0
stanford-health-care-stanford-hospital|stanford|ca|94305|academic-medical-center|stanford-health,Stanford Health Care-Stanford Hospital|Stanford|CA|94305|Academic Medical Center|stanford health,Gaylord Specialty Healthcare,0.323,True,3.0
stanford-health-care-stanford-hospital|stanford|ca|94305|academic-medical-center|stanford-health,Stanford Health Care-Stanford Hospital|Stanford|CA|94305|Academic Medical Center|stanford health,MedStar National Rehabilitation Network,0.311,True,3.0
highland-hospital|oakland|ca|94602|community-hospital|highland-oakland,Highland Hospital|Oakland|CA|94602|Community Hospital|highland oakland,Kessler Institute for Rehabilitation,0.302,True,3.0
alta-bates-summit-medical-center|berkeley|ca|94704|community-hospital|alta-bates,Alta Bates Summit Medical Center|Berkeley|CA|94704|Community Hospital|alta bates,MedStar National Rehabilitation Network,0.303,True,3.0
kaiser-permanente-san-francisco-medical-center|san-francisco|ca|94134|health-system|kaiser-sf,Kaiser Permanente San Francisco Medical Center|San Francisco|CA|94134|Health System|kaiser sf,MedStar National Rehabilitation Network,0.318,True,3.0
kaiser-permanente-oakland-medical-center|oakland|ca|94612|health-system|kaiser-oakland,Kaiser Permanente Oakland Medical Center|Oakland|CA|94612|Health System|kaiser oakland,Gaylord Specialty Healthcare,0.333,True,3.0
kaiser-permanente-oakland-medical-center|oakland|ca|94612|health-system|kaiser-oakland,Kaiser Permanente Oakland Medical Center|Oakland|CA|94612|Health System|kaiser oakland,MedStar National Rehabilitation Network,0.304,True,3.0
sutter-medical-center-sacramento|sacramento|ca|95817|academic-medical-center|sutter-sacramento,Sutter Medical Center Sacramento|Sacramento|CA|95817|Academic Medical Center|sutter sacramento,MedStar National Rehabilitation Network,0.301,True,3.0
uc-davis-medical-center|sacramento|ca|95817|academic-medical-center|uc-davis,UC Davis Medical Center|Sacramento|CA|95817|Academic Medical Center|uc davis,MedStar National Rehabilitation Network,0.33,True,3.0
rady-childrens-hospital-san-diego|san-diego|ca|92123|pediatric-specialty-hospital|rady-childrens,Rady Children's Hospital-San Diego|San Diego|CA|92123|Pediatric Specialty Hospital|rady childrens,Gaylord Specialty Healthcare,0.32,True,3.0
rady-childrens-hospital-san-diego|san-diego|ca|92123|pediatric-specialty-hospital|rady-childrens,Rady Children's Hospital-San Diego|San Diego|CA|92123|Pediatric Specialty Hospital|rady childrens,MedStar National Rehabilitation Network,0.309,True,3.0
st-joseph-hospital-orange|orange|ca|92868|community-hospital|st-joseph-orange,St Joseph Hospital Orange|Orange|CA|92868|Community Hospital|st joseph orange,Kessler Institute for Rehabilitation,0.319,True,3.0
hoag-memorial-hospital-presbyterian|newport-beach|ca|92663|academic-medical-center|hoag,Hoag Memorial Hospital Presbyterian|Newport Beach|CA|92663|Academic Medical Center|hoag,MedStar National Rehabilitation Network,0.317,True,3.0
sharp-memorial-hospital|san-diego|ca|92123|academic-medical-center|sharp-memorial,Sharp Memorial Hospital|San Diego|CA|92123|Academic Medical Center|sharp memorial,MedStar National Rehabilitation Network,0.333,True,3.0
sharp-memorial-hospital|san-diego|ca|92123|academic-medical-center|sharp-memorial,Sharp Memorial Hospital|San Diego|CA|92123|Academic Medical Center|sharp memorial,Gaylord Specialty Healthcare,0.312,True,3.0
loma-linda-university-medical-center|loma-linda|ca|92354|academic-medical-center|loma-linda,Loma Linda University Medical Center|Loma Linda|CA|92354|Academic Medical Center|loma linda,MedStar National Rehabilitation Network,0.308,True,3.0
adventist-health-white-memorial|los-angeles|ca|90033|community-hospital|adventist-white-memorial,Adventist Health White Memorial|Los Angeles|CA|90033|Community Hospital|adventist white memorial,Kessler Institute for Rehabilitation,0.318,True,3.0
cedars-sinai-medical-center|los-angeles|ca|90048|academic-medical-center|cedars-sinai,Cedars-Sinai Medical Center|Los Angeles|CA|90048|Academic Medical Center|cedars sinai,MedStar National Rehabilitation Network,0.323,True,3.0
ucla-medical-center|los-angeles|ca|90095|academic-medical-center|ucla,UCLA Medical Center|Los Angeles|CA|90095|Academic Medical Center|ucla,Kessler Institute for Rehabilitation,0.305,True,3.0
huntington-hospital|pasadena|ca|91105|community-hospital|huntington-hospital,Huntington Hospital|Pasadena|CA|91105|Community Hospital|huntington hospital,Kessler Institute for Rehabilitation,0.304,True,3.0
mercy-medical-center-redding|redding|ca|96001|community-hospital|mercy-redding,Mercy Medical Center Redding|Redding|CA|96001|Community Hospital|mercy redding,Kessler Institute for Rehabilitation,0.333,True,3.0
mercy-medical-center-redding|redding|ca|96001|community-hospital|mercy-redding,Mercy Medical Center Redding|Redding|CA|96001|Community Hospital|mercy redding,MedStar National Rehabilitation Network,0.325,True,3.0
sutter-health-memorial-medical-center|modesto|ca|95350|community-hospital|sutter-modesto,Sutter Health Memorial Medical Center|Modesto|CA|95350|Community Hospital|sutter modesto,Kessler Institute for Rehabilitation,0.323,True,3.0
sutter-health-memorial-medical-center|modesto|ca|95350|community-hospital|sutter-modesto,Sutter Health Memorial Medical Center|Modesto|CA|95350|Community Hospital|sutter modesto,Gaylord Specialty Healthcare,0.31,True,3.0
stockton-medical-center|stockton|ca|95219|community-hospital|stockton-medical,Stockton Medical Center|Stockton|CA|95219|Community Hospital|stockton medical,MedStar National Rehabilitation Network,0.328,True,3.0
stockton-medical-center|stockton|ca|95219|community-hospital|stockton-medical,Stockton Medical Center|Stockton|CA|95219|Community Hospital|stockton medical,Kessler Institute for Rehabilitation,0.301,True,3.0
kaiser-permanente-fontana-medical-center|fontana|ca|92335|health-system|kaiser-fontana,Kaiser Permanente Fontana Medical Center|Fontana|CA|92335|Health System|kaiser fontana,MedStar National Rehabilitation Network,0.32,True,3.0
kaiser-permanente-fontana-medical-center|fontana|ca|92335|health-system|kaiser-fontana,Kaiser Permanente Fontana Medical Center|Fontana|CA|92335|Health System|kaiser fontana,Kessler Institute for Rehabilitation,0.311,True,3.0
arrowhead-regional-medical-center|colton|ca|92324|academic-medical-center|arrowhead-regional,Arrowhead Regional Medical Center|Colton|CA|92324|Academic Medical Center|arrowhead regional,MedStar National Rehabilitation Network,0.336,True,3.0
st-johns-regional-medical-center|ofallon|mo|63366|community-hospital|st-johns-ofallon,St. John's Regional Medical Center|O'Fallon|MO|63366|Community Hospital|st johns ofallon,Kessler Institute for Rehabilitation,0.306,True,3.0
mercy-hospital-springfield|springfield|mo|65804|community-hospital|mercy-springfield,Mercy Hospital Springfield|Springfield|MO|65804|Community Hospital|mercy springfield,Kessler Institute for Rehabilitation,0.3,True,3.0
university-of-kansas-health-system|kansas-city|ks|66160|academic-medical-center|kuhs,University of Kansas Health System|Kansas City|KS|66160|Academic Medical Center|kuhs,Gaylord Specialty Healthcare,0.304,True,3.0
university-of-kansas-health-system|kansas-city|ks|66160|academic-medical-center|kuhs,University of Kansas Health System|Kansas City|KS|66160|Academic Medical Center|kuhs,Kessler Institute for Rehabilitation,0.3,True,3.0
saint-lukes-hospital|kansas-city|mo|64111|academic-medical-center|saint-lukes-kc,Saint Luke's Hospital|Kansas City|MO|64111|Academic Medical Center|saint lukes kc,Kessler Institute for Rehabilitation,0.325,True,3.0
saint-lukes-hospital|kansas-city|mo|64111|academic-medical-center|saint-lukes-kc,Saint Luke's Hospital|Kansas City|MO|64111|Academic Medical Center|saint lukes kc,MedStar National Rehabilitation Network,0.3,True,3.0
saint-lukes-east-hospital|lees-summit|mo|64063|community-hospital|saint-lukes-east,Saint Luke's East Hospital|Lee's Summit|MO|64063|Community Hospital|saint lukes east,Kessler Institute for Rehabilitation,0.3,True,3.0
southeasthealth|cape-girardeau|mo|63703|community-hospital|southeast-health,SoutheastHEALTH|Cape Girardeau|MO|63703|Community Hospital|southeast health,Gaylord Specialty Healthcare,0.35,True,3.0
methodist-hospital-of-indiana|indianapolis|in|46202|academic-medical-center|methodist-indiana,Methodist Hospital of Indiana|Indianapolis|IN|46202|Academic Medical Center|methodist indiana,MedStar National Rehabilitation Network,0.303,True,3.0
indiana-university-health-methodist-hospital|indianapolis|in|46202|academic-medical-center|iu-health-methodist,Indiana University Health Methodist Hospital|Indianapolis|IN|46202|Academic Medical Center|iu health methodist,MedStar National Rehabilitation Network,0.309,True,3.0
iu-health-university-hospital|indianapolis|in|46202|academic-medical-center|iu-health-university,IU Health University Hospital|Indianapolis|IN|46202|Academic Medical Center|iu health university,MedStar National Rehabilitation Network,0.311,True,3.0
iu-health-university-hospital|indianapolis|in|46202|academic-medical-center|iu-health-university,IU Health University Hospital|Indianapolis|IN|46202|Academic Medical Center|iu health university,Gaylord Specialty Healthcare,0.306,True,3.0
eskenazi-health-center|indianapolis|in|46202|community-hospital|eskenazi,Eskenazi Health Center|Indianapolis|IN|46202|Community Hospital|eskenazi,MedStar National Rehabilitation Network,0.324,True,3.0
eskenazi-health-center|indianapolis|in|46202|community-hospital|eskenazi,Eskenazi Health Center|Indianapolis|IN|46202|Community Hospital|eskenazi,Craig Hospital,0.302,True,3.0
eskenazi-health-center|indianapolis|in|46202|community-hospital|eskenazi,Eskenazi Health Center|Indianapolis|IN|46202|Community Hospital|eskenazi,Gaylord Specialty Healthcare,0.3,True,3.0
